{
  "version": "v1",
  "by_group": {
    "CMP-01|M1": {
      "platen_rpm": {
        "mean": 79.23340236027477,
        "std": 16.710463944197336,
        "median": 79.867,
        "iqr": 39.071999999999996
      },
      "head_rpm": {
        "mean": 64.24191627681786,
        "std": 17.36226307785471,
        "median": 60.805,
        "iqr": 30.216
      },
      "downforce_kpa": {
        "mean": 19.546700051441885,
        "std": 4.13245675760326,
        "median": 19.82,
        "iqr": 9.293999999999999
      },
      "ring_kpa": {
        "mean": 4.948882597512633,
        "std": 1.6320841938568078,
        "median": 4.973,
        "iqr": 3.54
      },
      "slurry_flow_mlpm": {
        "mean": 325.0250739129119,
        "std": 56.70155540317096,
        "median": 312.177,
        "iqr": 130.35500000000002
      },
      "slurry_temp_c": {
        "mean": 21.989165491572606,
        "std": 0.5712830909954729,
        "median": 21.971,
        "iqr": 0.7900000000000027
      },
      "platen_temp_c": {
        "mean": 24.793242091566555,
        "std": 0.6116830501604393,
        "median": 24.767,
        "iqr": 0.8599999999999994
      },
      "head_temp_c": {
        "mean": 24.59262941870669,
        "std": 0.5126739740588576,
        "median": 24.577,
        "iqr": 0.7139999999999986
      },
      "torque_norm": {
        "mean": 6.742748695494297,
        "std": 2.219916001540567,
        "median": 6.5027,
        "iqr": 3.5159000000000002
      },
      "motor_current_a": {
        "mean": 8.276957935667383,
        "std": 0.3845570089972611,
        "median": 8.2677,
        "iqr": 0.5330999999999992
      },
      "ae_rms": {
        "mean": 0.5612025775410778,
        "std": 0.12821419101267117,
        "median": 0.5224,
        "iqr": 0.10630000000000006
      },
      "optical_reflect": {
        "mean": 0.8122177516869913,
        "std": 0.11366087340507146,
        "median": 0.8079,
        "iqr": 0.16820000000000002
      }
    },
    "CMP-01|STI": {
      "platen_rpm": {
        "mean": 78.62016480151543,
        "std": 16.43854199454376,
        "median": 79.777,
        "iqr": 38.915
      },
      "head_rpm": {
        "mean": 63.56193416031412,
        "std": 17.08762497266432,
        "median": 60.49,
        "iqr": 29.990000000000002
      },
      "downforce_kpa": {
        "mean": 19.853839318062697,
        "std": 4.138299730981178,
        "median": 19.946,
        "iqr": 9.35
      },
      "ring_kpa": {
        "mean": 4.9948114649330115,
        "std": 1.6476321807073022,
        "median": 5.001,
        "iqr": 3.5709999999999997
      },
      "slurry_flow_mlpm": {
        "mean": 325.250948229409,
        "std": 57.90925813677822,
        "median": 338.828,
        "iqr": 135.558
      },
      "slurry_temp_c": {
        "mean": 22.014936974133096,
        "std": 0.5847199751420105,
        "median": 22.027,
        "iqr": 0.809000000000001
      },
      "platen_temp_c": {
        "mean": 24.738321327092667,
        "std": 0.5721690630905893,
        "median": 24.723,
        "iqr": 0.8140000000000001
      },
      "head_temp_c": {
        "mean": 24.552706498450558,
        "std": 0.4869584436229502,
        "median": 24.545,
        "iqr": 0.6859999999999999
      },
      "torque_norm": {
        "mean": 4.847024951034032,
        "std": 1.6004754195115167,
        "median": 4.6937,
        "iqr": 2.5116
      },
      "motor_current_a": {
        "mean": 8.084681567646598,
        "std": 0.3631640342611489,
        "median": 8.0756,
        "iqr": 0.5189000000000004
      },
      "ae_rms": {
        "mean": 0.5640273887575977,
        "std": 0.12962677733755487,
        "median": 0.5239,
        "iqr": 0.10999999999999993
      },
      "optical_reflect": {
        "mean": 0.8271437438505183,
        "std": 0.09906421825419517,
        "median": 0.8189,
        "iqr": 0.15870000000000006
      }
    },
    "CMP-02|M1": {
      "platen_rpm": {
        "mean": 78.70159137845674,
        "std": 16.308817505573522,
        "median": 79.804,
        "iqr": 38.85699999999999
      },
      "head_rpm": {
        "mean": 63.74892323832426,
        "std": 16.99782451523368,
        "median": 60.634,
        "iqr": 29.911
      },
      "downforce_kpa": {
        "mean": 19.634425943607518,
        "std": 4.150698804442884,
        "median": 19.852,
        "iqr": 9.343
      },
      "ring_kpa": {
        "mean": 4.97445784708961,
        "std": 1.6613546186193326,
        "median": 4.988,
        "iqr": 3.597
      },
      "slurry_flow_mlpm": {
        "mean": 320.88822786854325,
        "std": 56.35052113338852,
        "median": 305.456,
        "iqr": 100.5675
      },
      "slurry_temp_c": {
        "mean": 21.99933760638423,
        "std": 0.5812652264585854,
        "median": 22.003,
        "iqr": 0.7789999999999999
      },
      "platen_temp_c": {
        "mean": 24.811708713487516,
        "std": 0.6267641664231839,
        "median": 24.782,
        "iqr": 0.875
      },
      "head_temp_c": {
        "mean": 24.60799784284603,
        "std": 0.5226495301429808,
        "median": 24.59,
        "iqr": 0.7259999999999991
      },
      "torque_norm": {
        "mean": 6.752975304712733,
        "std": 2.2750269129334857,
        "median": 6.5117,
        "iqr": 3.6248249999999995
      },
      "motor_current_a": {
        "mean": 9.400368198481742,
        "std": 0.5405788383610175,
        "median": 9.4362,
        "iqr": 0.7494999999999994
      },
      "ae_rms": {
        "mean": 0.5607984174977014,
        "std": 0.12772095308043124,
        "median": 0.5224,
        "iqr": 0.10479999999999995
      },
      "optical_reflect": {
        "mean": 0.8081219369592381,
        "std": 0.1172621690268156,
        "median": 0.8053,
        "iqr": 0.17069999999999996
      }
    },
    "CMP-02|STI": {
      "platen_rpm": {
        "mean": 79.88902237271509,
        "std": 16.235563638779446,
        "median": 79.9885,
        "iqr": 38.863
      },
      "head_rpm": {
        "mean": 64.72162939767219,
        "std": 16.841810391445268,
        "median": 61.229,
        "iqr": 29.858000000000004
      },
      "downforce_kpa": {
        "mean": 19.627659514063122,
        "std": 4.098037583536195,
        "median": 19.861,
        "iqr": 9.274
      },
      "ring_kpa": {
        "mean": 5.000296504499066,
        "std": 1.649368322561721,
        "median": 5.0,
        "iqr": 3.579
      },
      "slurry_flow_mlpm": {
        "mean": 325.9274900492351,
        "std": 55.711120267032896,
        "median": 340.28700000000003,
        "iqr": 96.17175000000003
      },
      "slurry_temp_c": {
        "mean": 21.99542456282658,
        "std": 0.570126936785369,
        "median": 22.004,
        "iqr": 0.7660000000000018
      },
      "platen_temp_c": {
        "mean": 24.732097206240216,
        "std": 0.5671483091612396,
        "median": 24.72,
        "iqr": 0.8060000000000009
      },
      "head_temp_c": {
        "mean": 24.547746797834414,
        "std": 0.4827089672164941,
        "median": 24.54,
        "iqr": 0.679000000000002
      },
      "torque_norm": {
        "mean": 4.861292689253173,
        "std": 1.5982701208057573,
        "median": 4.6689,
        "iqr": 2.5178000000000003
      },
      "motor_current_a": {
        "mean": 9.204764283827885,
        "std": 0.5146105198528969,
        "median": 9.25135,
        "iqr": 0.7301749999999991
      },
      "ae_rms": {
        "mean": 0.5649324017656713,
        "std": 0.13076423073460983,
        "median": 0.5241,
        "iqr": 0.11160000000000003
      },
      "optical_reflect": {
        "mean": 0.8293735479428798,
        "std": 0.09719107806952512,
        "median": 0.8202,
        "iqr": 0.15637499999999993
      }
    }
  }
}